{
    "rmse": 0.7206318451988966,
    "mae": 0.5592896031086787,
    "r2": 0.2407467285869126
}